"DOORDASH, INC.",,,,,,,,,,
CONDENSED CONSOLIDATED BALANCE SHEETS,,,,,,,,,,
,,,,,,,,,,
Reconciliation of gross profit to Contribution Profit,,,,,,,,,,
,,,,,,,,,,
,,Three Months Ended,,,,,,,,
,,"Mar. 31,",,"Jun. 30,",,"Sept. 30,",,"Dec. 31,",,"Mar. 31,"
"(In millions, except percentages)",,2022,,2022,,2022,,2022,,2023
Revenue,," $1,456 ",," 1,608 ",," 1,701 ",," 1,818 ",," 2,035 "
"Less: Cost of revenue, exclusive of depreciation and amortization",, (763),, (880),, (931),," (1,014)",," (1,069)"
Less: Depreciation and amortization related to cost of revenue,, (31),, (42),, (56),, (42),, (45)
Gross profit,, $662 ,, 686 ,, 714 ,, 762 ,, 921 
Gross Margin,,45.5%,,42.7%,,42.0%,,41.9%,45.5%,45.3%
Less: Sales and marketing,, $(414),, $(421),, $(418),, $(429),, $(496)
Add: Depreciation and amortization related to cost of revenue,, 31 ,, 42 ,, 56 ,, 42 ,, 45 
Add: Stock-based compensation expense and certain payroll tax expense included in cost of revenue and sales and marketing,, 26 ,, 60 ,, 56 ,, 59 ,, 48 
Add: Allocated overhead included in cost of revenue and sales and marketing,, 14 ,, 12 ,, 12 ,, 13 ,, 15 
Add: Inventory write-off related to restructuring,, - ,, 2 ,, - ,, - ,, - 
Contribution Profit,, $319 ,, $381 ,, $420 ,, $447 ,, $533 
Contribution Margin,,21.9%,,23.7%,,24.7%,,24.6%,,26.2%
,,,,,,,,,,
,,,,,,,,,,
,,,,,,,,,,
,,,,,,,,,,
,,,,,,,,,,
,,,,,,,,,,
,,,,,,,,,,
,,,,,,,,,,
,,,,,,,,,,
,,,,,,,,,,
,,,,,,,,,,
,,,,,,,,,,
,,,,,,,,,,
,,,,,,,,,,
,,,,,,,,,,
,,,,,,,,,,
,,,,,,,,,,
,,,,,,,,,,
,,,,,,,,,,
,,,,,,,,,,
